<?xml version='1.0' encoding='utf-8' standalone='yes' ?>
<map>
    <long name="first_open_time" value="1751011516466" />
    <string name="gmp_app_id">1:1023133728894:android:f25a671f5194e1d618d82f</string>
    <string name="app_instance_id">10ae82b809e6c112f2de7a5df080fce5</string>
    <long name="session_id" value="1769009902" />
    <boolean name="app_backgrounded" value="true" />
    <long name="health_monitor:start" value="1769009902138" />
    <boolean name="use_service" value="true" />
    <boolean name="deferred_analytics_collection" value="false" />
    <string name="previous_os_version">15</string>
    <boolean name="has_been_opened" value="true" />
    <boolean name="allow_remote_dynamite" value="true" />
    <long name="last_pause_time" value="1769010033268" />
    <boolean name="start_new_session" value="false" />
</map>
