<?xml version='1.0' encoding='utf-8' standalone='yes' ?>
<map>
    <long name="com.google.firebase.perf.FragmentSamplingRate" value="4591870180066957722" />
    <long name="com.google.firebase.perf.SessionsCpuCaptureFrequencyForegroundMs" value="100" />
    <boolean name="com.google.firebase.perf.SdkEnabled" value="true" />
    <long name="com.google.firebase.perf.TraceSamplingRate" value="4607182418800017408" />
    <long name="com.google.firebase.perf.SessionsMemoryCaptureFrequencyForegroundMs" value="100" />
    <string name="com.google.firebase.perf.LogSourceName">FIREPERF</string>
    <long name="com.google.firebase.perf.SessionsCpuCaptureFrequencyBackgroundMs" value="0" />
    <long name="com.google.firebase.perf.TraceEventCountForeground" value="300" />
    <long name="com.google.firebase.perf.SessionsMemoryCaptureFrequencyBackgroundMs" value="0" />
    <long name="com.google.firebase.perf.SessionSamplingRate" value="4525080943360685158" />
    <long name="com.google.firebase.perf.TraceEventCountBackground" value="30" />
    <long name="com.google.firebase.perf.NetworkRequestSamplingRate" value="4524263272666847266" />
    <boolean name="com.google.firebase.perf.ExperimentTTID" value="true" />
    <long name="com.google.firebase.perf.TimeLimitSec" value="600" />
    <string name="com.google.firebase.perf.SdkDisabledVersions"></string>
</map>
