<?xml version='1.0' encoding='utf-8' standalone='yes' ?>
<map>
    <set name="device-name/V2513i fire-installations/18.0.0 device-brand/vivo android-min-sdk/24 fire-rc/22.1.2 fire-fcm-ktx/24.1.1 fire-abt/21.1.1 fire-android/35 kotlin/2.1.20 android-installer/com.android.vending fire-core/21.0.0 fire-core-ktx/21.0.0 fire-fcm/24.1.1 fire-analytics/22.4.0 fire-perf/21.0.5 android-platform/ fire-sessions/2.1.1 fire-analytics-ktx/22.4.0 android-target-sdk/27 fire-cls/19.4.3 device-model/V2513 fire-transport/19.0.0">
        <string>2026-01-21</string>
    </set>
    <long name="fire-count" value="1" />
    <string name="last-used-date">2026-01-21</string>
    <long name="fire-global" value="1769009902000" />
</map>
