{"Fid":"dHqCMCGVQ-KrzOoL2J9F4x","Status":3,"AuthToken":"eyJhbGciOiJFUzI1NiIsInR5cCI6IkpXVCJ9.eyJhcHBJZCI6IjE6MTAyMzEzMzcyODg5NDphbmRyb2lkOmYyNWE2NzFmNTE5NGUxZDYxOGQ4MmYiLCJleHAiOjE3Njk2MTQ3MDIsImZpZCI6ImRIcUNNQ0dWUS1LcnpPb0wySjlGNHgiLCJwcm9qZWN0TnVtYmVyIjoxMDIzMTMzNzI4ODk0fQ.AB2LPV8wRQIhAJb60xIo5wDmXkg1fkIZjW_4D_eZgBOEOprroxqYUDGgAiAmUgRWCzTzTGNsxLXtRgT-cRdBUHhOuT4RlnQG4EpEgQ","RefreshToken":"3_AS3qfwLwMi2yy3_9lKIkzDK__b44M1RqTTHXgk4W_g2OSMGWKfU2E1JCJwx1TvtFZzD9avDI3yarSV7hs1BPjbiVgIDR9RACTbqdluLVkC2sdg","TokenCreationEpochInSecs":1769009902,"ExpiresInSecs":604800}